30th Street Station,30th Street Station49th St,49 Street9th St,9th StreetAirport Terminal A,Airport Terminal AAirport Terminal B,Airport Terminal BAirport Terminal C-D,Airport Terminal C DAirport Terminal E-F,Airport Terminal E FAllegheny,AlleghenyAllen Lane,Allen LaneAmbler,AmblerAngora,AngoraArdmore,ArdmoreArdsley,ArdsleyBala,BalaBerwyn,BerwynBethayres,BethayresBridesburg,BridesburgBristol,BristolBryn Mawr,Bryn MawrCarpenter,CarpenterChalfont,ChalfontChelten Avenue,Chelten AvenueCheltenham,CheltenhamChester TC,Chester T CChestnut Hill East,Chestnut Hill EastChestnut Hill West,Chestnut Hill WestClaymont,ClaymontClifton-Aldan,Clifton AldanColmar,ColmarConshohocken,ConshohockenCornwells Heights,Cornwells HeightsCrestmont,CrestmontCroydon,CroydonCrum Lynne,Crum LynneCurtis Park,Curtis ParkCynwyd,CynwydDaylesford,DaylesfordDarby,DarbyDelaware Valley College,Delaware Valley CollegeDevon,DevonDowningtown,DowningtownDoylestown,DoylestownEast Falls,East FallsEastwick Station,Eastwick StationEddington,EddingtonEddystone,EddystoneElkins Park,Elkins ParkElm St,Elm StreetElwyn Station,Elwyn StationExton,ExtonFern Rock TC,Fern Rock T CFernwood,FernwoodFolcroft,FolcroftForest Hills,Forest HillsFt Washington,Fort WashingtonFortuna,FortunaFox Chase,Fox ChaseGermantown,GermantownGladstone,GladstoneGlenolden,GlenoldenGlenside,GlensideGravers,GraversGwynedd Valley,Gwynedd ValleyHatboro,HatboroHaverford,HaverfordHighland Ave,Highland AvenueHighland,HighlandHolmesburg Jct,Holmesburg JunctionIvy Ridge,Ivy RidgeJenkintown-Wyncote,Jenkintown-WyncoteLanghorne,LanghorneLansdale,LansdaleLansdowne,LansdowneLawndale,LawndaleLevittown,LevittownLink Belt,Link BeltMain St,Main StreetMalvern,MalvernManayunk East,Manayunk EastMarcus Hook,Marcus HookMarket East,Market EastMeadowbrook,MeadowbrookMedia,MediaMelrose Park,Melrose ParkMerion,MerionMiquon,MiquonMorton,MortonMoylan-Rose Valley,Moylan-Rose ValleyMt Airy,Mountain AiryNarberth,NarberthNeshaminy Falls,Neshaminy FallsNew Britain,New BritainNewark,NewarkNorristown TC,Norristown T CNorth Broad St,North Broad StreetNorth Hills,North HillsNorth Philadelphia,North PhiladelphiaNorth Wales,North WalesNorwood,NorwoodOlney,OlneyOreland,OrelandOverbrook,OverbrookPaoli,PaoliPenllyn,PenllynPennbrook,PennbrookPhilmont,PhilmontPrimos,PrimosProspect Park,Prospect ParkQueen Lane,Queen LaneRadnor,RadnorRidley Park,Ridley ParkRosemont,RosemontRoslyn,RoslynRydal,RydalRyers,RyersSecane,SecaneSharon Hill,Sharon HillSomerton,SomertonSpring Mill,Spring MillSt. Davids,Saint DavidsSt. Martins,Saint MartinsStenton,StentonStrafford,StraffordSuburban Station,Suburban StationSwarthmore,SwarthmoreTacony,TaconyTemple U,Temple UThorndale,ThorndaleTorresdale,TorresdaleTrenton,TrentonTrevose,TrevoseTulpehocken,TulpehockenUniversity City,University CityUpsal,UpsalVillanova,VillanovaWallingford,WallingfordWarminster,WarminsterWashington Lane,Washington LaneWayne Jct,Wayne JctWayne,WayneWest Trenton,West TrentonWhitford,WhitfordWillow Grove,Willow GroveWilmington,WilmingtonWissahickon,WissahickonWister,WisterWoodbourne,WoodbourneWyndmoor,WyndmoorWynnefield Avenue,Wynnefield AvenueWynnewood,WynnewoodYardley,Yardley